product_id,product_name,category,brand,price,mrp,margin_percentage,shelf_life_days,min_stock_level,max_stock_level,profit_per_unit,discount_percentage,profit_margin_value,discount_flag,stock_range
4452,Baby Wipes,Baby Care,Morar-Mistry,169.8800048828125,242.69000244140625,30.0,365,27,100,72.80999755859375,0.300012348370933,50.96400146484375,1,73
6405,Baby Food,Baby Care,Kashyap-Reddy,236.50999450683597,337.8699951171875,30.0,365,11,81,101.36000061035156,0.2999970464237159,70.95299835205078,1,70
9436,Toothpaste,Personal Care,Naidu PLC,88.43000030517578,136.0500030517578,35.0,365,19,76,47.62000274658203,0.3500183879339263,30.95050010681152,1,57
11422,Potatoes,Fruits & Vegetables,Ramaswamy-Tata,127.16000366210938,169.5500030517578,25.0,3,20,65,42.38999938964844,0.2500147368131171,31.790000915527344,1,45
14145,Spinach,Fruits & Vegetables,"Thakur, Shah and Pingle",630.8400268554688,841.1199951171875,25.0,3,14,53,210.27996826171875,0.2499999637179257,157.7100067138672,1,39
15314,Cheese,Dairy & Breakfast,Banik-Ratta,578.8499755859375,723.5599975585938,20.0,7,30,91,144.71002197265625,0.199997266931465,115.7699951171875,1,61
18035,Dish Soap,Household Care,Ramesh Inc,968.9400024414062,1291.9200439453125,25.0,365,12,87,322.98004150390625,0.2500000236218783,242.23500061035156,1,75
26060,Vitamins,Pharmacy,Shah and Sons,342.94000244140625,428.6700134277344,20.0,365,25,57,85.73001098632812,0.1999906881771672,68.58800048828125,1,32
33797,Pain Reliever,Pharmacy,Gaba LLC,888.1199951171875,1110.1500244140625,20.0,365,12,51,222.030029296875,0.2000000219916785,177.6239990234375,1,39
33955,Frozen Pizza,Instant & Frozen Food,Baral Group,186.0800018310547,310.1300048828125,40.0,180,29,84,124.0500030517578,0.3999935546340705,74.43200073242188,1,55
34186,Mangoes,Fruits & Vegetables,Mandal-Kar,925.6500244140624,1234.199951171875,25.0,3,27,74,308.5499267578125,0.2499999505467844,231.4125061035156,1,47
34200,Lotion,Personal Care,Munshi-Grewal,319.79998779296875,492.0,35.0,365,19,75,172.20001220703125,0.3500000248110391,111.92999572753905,1,56
36412,Dish Soap,Household Care,Muni-Shankar,397.6799926757813,530.239990234375,25.0,365,27,92,132.55999755859375,0.25,99.41999816894533,1,65
39154,Mangoes,Fruits & Vegetables,"Suresh, Bose and Bajwa",946.8599853515624,1262.47998046875,25.0,3,21,84,315.6199951171875,0.25,236.7149963378906,1,63
41853,Curd,Dairy & Breakfast,Handa PLC,910.4400024414062,1138.050048828125,20.0,7,14,92,227.61004638671875,0.2000000321788077,182.08800048828127,1,78
51036,Baby Food,Baby Care,Karnik PLC,931.6099853515624,1330.8699951171875,30.0,365,12,86,399.260009765625,0.2999992570502491,279.4829956054687,1,74
52729,Cat Food,Pet Care,Saini LLC,316.0199890136719,486.1799926757813,35.0,365,25,100,170.16000366210938,0.3499938422508964,110.60699615478515,1,75
53833,Rice,Grocery & Staples,Tella-Master,134.69000244140625,158.4600067138672,15.0,365,26,89,23.770004272460938,0.1500063313475852,20.203500366210935,1,63
56589,Vitamins,Pharmacy,"Pai, Kashyap and Ramachandran",517.77001953125,647.2100219726562,20.0,365,16,85,129.44000244140625,0.1999969067952333,103.55400390625,1,69
57405,Baby Food,Baby Care,Srinivas PLC,607.6699829101562,868.0999755859375,30.0,365,21,64,260.42999267578125,0.3,182.30099487304688,1,43
60619,Iced Tea,Cold Drinks & Juices,Bhasin LLC,726.4099731445312,1037.72998046875,30.0,180,10,97,311.32000732421875,0.3000009763460754,217.92299194335936,1,87
63769,Lotion,Personal Care,Dalal-Shan,878.0700073242188,1350.8800048828125,35.0,365,27,69,472.80999755859375,0.3500014774440381,307.3245025634765,1,42
67197,Butter,Dairy & Breakfast,Shetty-Bora,552.2000122070312,690.25,20.0,7,20,79,138.04998779296875,0.1999999823150579,110.44000244140625,1,59
70969,Carrots,Fruits & Vegetables,Mohan Group,631.7000122070312,842.27001953125,25.0,3,25,96,210.57000732421875,0.2500029710678859,157.9250030517578,1,71
77308,Onions,Fruits & Vegetables,Ratta-Sagar,223.2700042724609,297.69000244140625,25.0,3,29,91,74.41999816894531,0.2499915938009818,55.81750106811523,1,62
82484,Baby Food,Baby Care,Mallick PLC,914.8800048828124,1306.969970703125,30.0,365,12,73,392.0899658203125,0.2999992154443882,274.4640014648437,1,61
89084,Milk,Dairy & Breakfast,"Wali, Virk and Iyer",598.8300170898438,748.5399780273438,20.0,7,27,74,149.7099609375,0.2000026255538634,119.76600341796876,1,47
91670,Dish Soap,Household Care,Barman-Ahluwalia,439.239990234375,585.6500244140625,25.0,365,27,88,146.4100341796875,0.2499957791791597,109.80999755859375,1,61
94225,Toilet Cleaner,Household Care,"Gulati, Ram and Sarkar",77.11000061035156,102.80999755859376,25.0,365,13,70,25.699996948242188,0.2499756595519339,19.27750015258789,1,57
107548,Cola,Cold Drinks & Juices,"Bhandari, Bhasin and Palan",891.5999755859375,1273.7099609375,30.0,180,27,53,382.1099853515625,0.299997642375596,267.47999267578126,1,26
112390,Toothpaste,Personal Care,"Kibe, Contractor and Randhawa",877.97998046875,1350.739990234375,35.0,365,23,85,472.760009765625,0.3500007500952078,307.29299316406247,1,62
114414,Vitamins,Pharmacy,Kara-Golla,832.0599975585938,1040.0699462890625,20.0,365,26,66,208.00994873046875,0.1999961151388345,166.41199951171876,1,40
118820,Iced Tea,Cold Drinks & Juices,"Warrior, Ravel and Amble",12.31999969482422,17.600000381469727,30.0,180,12,61,5.280000686645508,0.3000000325116237,3.695999908447266,1,49
120385,Pet Treats,Pet Care,Dubey-Sarin,597.9099731445312,919.8599853515624,35.0,365,28,73,321.95001220703125,0.3499989317221846,209.26849060058592,1,45
120532,Wheat Flour,Grocery & Staples,Nazareth Ltd,697.530029296875,820.6199951171875,15.0,365,29,95,123.0899658203125,0.1499963034689823,104.62950439453125,1,66
123983,Cough Syrup,Pharmacy,Kurian-Chhabra,785.6699829101562,982.0900268554688,20.0,365,25,72,196.4200439453125,0.2000020757508609,157.13399658203127,1,47
124290,Lotion,Personal Care,Sachdev Group,39.650001525878906,61.0,35.0,365,23,71,21.349998474121094,0.3499999749855917,13.877500534057617,1,48
131136,Salt,Grocery & Staples,Deshpande-Rama,37.79999923706055,44.470001220703125,15.0,365,29,95,6.670001983642578,0.149988796954144,5.669999885559082,1,66
131748,Dog Food,Pet Care,"Shroff, Wason and Dugar",81.3499984741211,125.1500015258789,35.0,365,30,53,43.80000305175781,0.3499800440889384,28.47249946594238,1,23
131937,Frozen Pizza,Instant & Frozen Food,"Varkey, Devi and Ganguly",287.8099975585937,479.6799926757813,40.0,180,18,68,191.8699951171875,0.3999958264819138,115.12399902343748,1,50
133542,Detergent,Household Care,Edwin-Lall,68.48999786376953,91.31999969482422,25.0,365,21,72,22.830001831054688,0.2500000208864283,17.122499465942383,1,51
136533,Eggs,Dairy & Breakfast,"Raghavan, Magar and Shanker",826.2100219726562,1032.760009765625,20.0,7,15,75,206.54998779296875,0.1999980497306855,165.24200439453125,1,60
137909,Cough Syrup,Pharmacy,Dalal PLC,864.2999877929688,1080.3699951171875,20.0,365,23,65,216.07000732421875,0.1999963052479828,172.85999755859376,1,42
140154,Shampoo,Personal Care,Malhotra LLC,171.1999969482422,263.3800048828125,35.0,365,24,59,92.18000793457033,0.3499886332509736,59.91999893188476,1,35
140489,Soap,Personal Care,"Biswas, Kapoor and Patel",650.2000122070312,1000.3099975585938,35.0,365,28,95,350.1099853515625,0.3500014857454772,227.57000427246092,1,67
144124,Detergent,Household Care,Lalla-Srinivasan,162.6699981689453,216.88999938964844,25.0,365,11,82,54.220001220703125,0.249988479751413,40.66749954223633,1,71
146840,Bread,Dairy & Breakfast,"Bains, Deol and Vaidya",786.8499755859375,983.5599975585938,20.0,7,19,89,196.71002197265625,0.19999798940678,157.3699951171875,1,70
153019,Onions,Fruits & Vegetables,Aurora LLC,947.9500122070312,1263.9300537109375,25.0,3,13,88,315.98004150390625,0.2499980442558345,236.9875030517578,1,75
154179,Pain Reliever,Pharmacy,"Barad, Devi and Andra",582.8699951171875,728.5900268554688,20.0,365,10,59,145.72003173828125,0.2000027812173002,116.57399902343751,1,49
171602,Cola,Cold Drinks & Juices,Pal-Sehgal,883.4400024414062,1262.06005859375,30.0,180,28,58,378.62005615234375,0.3000016152751248,265.03200073242186,1,30
183929,Bread,Dairy & Breakfast,"Nagi, Sampath and Khurana",738.739990234375,923.4199829101562,20.0,7,20,73,184.67999267578125,0.199995664046345,147.747998046875,1,53
186168,Dog Food,Pet Care,"Parekh, Lad and Kadakia",878.7999877929688,1352.0,35.0,365,13,75,473.2000122070313,0.3500000090288692,307.579995727539,1,62
187399,Frozen Pizza,Instant & Frozen Food,Chauhan Inc,53.4900016784668,89.1500015258789,40.0,180,14,73,35.65999984741211,0.3999999914420702,21.39600067138672,1,59
194682,Iced Tea,Cold Drinks & Juices,Sastry-Issac,912.2899780273438,1303.27001953125,30.0,180,11,86,390.9800415039063,0.2999992600493725,273.68699340820314,1,75
196719,Bananas,Fruits & Vegetables,Yogi Group,217.5,290.0,25.0,3,15,91,72.5,0.25,54.375,1,76
217710,Eggs,Dairy & Breakfast,Rout-Sarna,58.59000015258789,73.23999786376953,20.0,7,19,53,14.64999771118164,0.2000272820656201,11.71800003051758,1,34
219598,Shampoo,Personal Care,Arora-Magar,367.0799865722656,564.739990234375,35.0,365,28,83,197.66000366210935,0.3500017832632637,128.47799530029297,1,55
222892,Tomatoes,Fruits & Vegetables,Ramakrishnan-Ghose,869.219970703125,1158.9599609375,25.0,3,28,88,289.739990234375,0.25,217.30499267578125,1,60
228286,Cola,Cold Drinks & Juices,Bhattacharyya PLC,179.0800018310547,255.8300018310547,30.0,180,26,79,76.75,0.3000039066984968,53.72400054931641,1,53
237083,Cough Syrup,Pharmacy,Hayer-Banerjee,577.1300048828125,721.4099731445312,20.0,365,24,86,144.27996826171875,0.1999971911017827,115.4260009765625,1,62
240179,Cough Syrup,Pharmacy,Ram-Suri,90.55999755859376,113.1999969482422,20.0,365,20,56,22.63999938964844,0.2,18.111999511718754,1,36
243235,Cat Food,Pet Care,Batta Inc,109.02999877929688,167.74000549316406,35.0,365,14,71,58.71000671386719,0.3500059901706621,38.160499572753906,1,57
256051,Lotion,Personal Care,"Mannan, Naidu and Sama",400.9200134277344,616.7999877929688,35.0,365,17,100,215.8799743652344,0.3499999653659126,140.322004699707,1,83
256783,Pet Treats,Pet Care,"Basu, Thakur and Rege",906.5399780273438,1394.6800537109375,35.0,365,16,98,488.14007568359375,0.3500014748076164,317.2889923095703,1,82
257719,Eggs,Dairy & Breakfast,Chaudhuri PLC,281.7300109863281,352.1600036621094,20.0,7,17,93,70.42999267578125,0.1999942978855641,56.346002197265626,1,76
264803,Vitamins,Pharmacy,Gole-Doshi,995.97998046875,1244.969970703125,20.0,365,17,69,248.989990234375,0.1999967839334729,199.19599609375,1,52
272170,Ice Cream,Instant & Frozen Food,Purohit Group,140.8000030517578,234.6699981689453,40.0,180,10,92,93.8699951171875,0.4000085049202069,56.320001220703126,1,82
274207,Cough Syrup,Pharmacy,"Savant, Batta and Mander",328.510009765625,410.6400146484375,20.0,365,25,51,82.1300048828125,0.200004875202254,65.702001953125,1,26
284460,Potatoes,Fruits & Vegetables,"Ramakrishnan, Anand and Khare",505.9500122070313,674.5999755859375,25.0,3,21,85,168.64996337890625,0.2499999547619638,126.48750305175783,1,64
287070,Wheat Flour,Grocery & Staples,"Gala, Magar and Rajagopal",443.1700134277344,521.3800048828125,15.0,365,20,93,78.20999145507812,0.1500057361667655,66.47550201416016,1,73
291238,Chocolates,Snacks & Munchies,"Sinha, Pau and Chhabra",746.030029296875,1147.739990234375,35.0,90,16,68,401.7099609375,0.3500008402211972,261.1105102539062,1,52
298985,Vitamins,Pharmacy,"Ramanathan, Joshi and Srinivasan",183.75999450683597,229.6999969482422,20.0,365,11,61,45.94000244140625,0.2000000132858417,36.751998901367195,1,50
300159,Cola,Cold Drinks & Juices,"Basu, Rout and Mistry",44.34999847412109,63.36000061035156,30.0,180,20,93,19.01000213623047,0.3000315964820977,13.304999542236326,1,73
305754,Frozen Vegetables,Instant & Frozen Food,Mammen-Hegde,979.989990234375,1633.3199462890625,40.0,180,22,81,653.3299560546875,0.400001210748125,391.99599609375,1,59
306177,Frozen Biryani,Instant & Frozen Food,Som Inc,769.239990234375,1282.0699462890625,40.0,180,11,54,512.8299560546875,0.4000015424580135,307.69599609375,1,43
313754,Biscuits,Snacks & Munchies,"Swaminathan, Mahal and Dara",136.60000610351562,210.1499938964844,35.0,90,25,67,73.54998779296875,0.3499880558131159,47.810002136230466,1,42
317242,Pulses,Grocery & Staples,Rastogi Group,198.1499938964844,233.1199951171875,15.0,365,22,63,34.970001220703125,0.1500085876508533,29.72249908447266,1,41
319388,Orange Juice,Cold Drinks & Juices,D’Alia-Dey,657.7999877929688,939.7100219726562,30.0,180,26,56,281.9100341796875,0.299996836883677,197.33999633789062,1,30
324809,Bread,Dairy & Breakfast,Sidhu PLC,608.0,760.0,20.0,7,26,76,152.0,0.2,121.60000000000001,1,50
327290,Sugar,Grocery & Staples,Nadkarni Inc,862.280029296875,1014.4500122070312,15.0,365,22,65,152.16998291015625,0.1500024457381553,129.34200439453124,1,43
328457,Mango Drink,Cold Drinks & Juices,Hayre-Shere,858.5700073242188,1226.530029296875,30.0,180,12,76,367.96002197265625,0.3000008260569,257.5710021972656,1,64
329351,Cheese,Dairy & Breakfast,"Lala, Kalita and Sathe",310.8699951171875,388.5899963378906,20.0,7,23,95,77.72000122070312,0.2000051518390691,62.1739990234375,1,72
336847,Toilet Cleaner,Household Care,"Dayal, Mammen and More",936.97998046875,1249.31005859375,25.0,365,17,55,312.330078125,0.2500020519138102,234.2449951171875,1,38
337168,Eggs,Dairy & Breakfast,Dasgupta PLC,545.489990234375,681.8599853515625,20.0,7,25,98,136.3699951171875,0.199997063982096,109.097998046875,1,73
349294,Onions,Fruits & Vegetables,Ganesan Ltd,934.75,1246.3299560546875,25.0,3,25,70,311.5799560546875,0.2499979676658078,233.6875,1,45
354409,Pulses,Grocery & Staples,Bose-Pandit,325.0799865722656,382.4500122070313,15.0,365,24,60,57.370025634765625,0.1500065990420457,48.76199798583984,1,36
361361,Biscuits,Snacks & Munchies,"Kunda, Dave and Sahni",826.2100219726562,1271.0899658203125,35.0,90,20,64,444.87994384765625,0.3499987851454306,289.1735076904297,1,44
365132,Instant Noodles,Instant & Frozen Food,Dar-Kumar,229.3800048828125,382.2999877929688,40.0,180,19,70,152.91998291015625,0.3999999680694961,91.752001953125,1,51
365133,Dish Soap,Household Care,Hans Inc,915.4500122070312,1220.5999755859375,25.0,365,25,60,305.14996337890625,0.2499999749978873,228.8625030517578,1,35
366066,Soap,Personal Care,Mandal LLC,918.5800170898438,1413.199951171875,35.0,365,16,52,494.6199340820313,0.3499999654485375,321.5030059814453,1,36
367391,Baby Wipes,Baby Care,Talwar and Sons,939.5499877929688,1342.2099609375,30.0,365,18,52,402.6599731445313,0.2999977536027846,281.8649963378906,1,34
373536,Dog Food,Pet Care,Chauhan-Sabharwal,494.1700134277344,760.260009765625,35.0,365,14,64,266.0899963378906,0.3499986753478215,172.95950469970703,1,50
376447,Butter,Dairy & Breakfast,Gara and Sons,724.8400268554688,906.0499877929688,20.0,7,17,64,181.2099609375,0.1999999595815967,144.96800537109377,1,47
378230,Nuts,Snacks & Munchies,Kala-Vig,166.4199981689453,256.0299987792969,35.0,90,13,76,89.61000061035156,0.3499980511564866,58.246999359130854,1,63
378287,Lemonade,Cold Drinks & Juices,Ramesh-Jain,332.8399963378906,475.489990234375,30.0,180,22,51,142.64999389648438,0.3000063026062239,99.85199890136718,1,29
378676,Orange Juice,Cold Drinks & Juices,Baral-Kamdar,881.4199829101562,1259.1700439453125,30.0,180,19,65,377.75006103515625,0.2999992438285503,264.4259948730469,1,46
382511,Butter,Dairy & Breakfast,Bora-Thakkar,702.5399780273438,878.1699829101562,20.0,7,26,88,175.6300048828125,0.1999954545255515,140.50799560546875,1,62
385113,Lotion,Personal Care,"Sampath, Mane and Mody",816.3800048828125,1255.969970703125,35.0,365,21,50,439.5899658203125,0.3500003790490456,285.7330017089844,1,29
397973,Bananas,Fruits & Vegetables,"Wable, Randhawa and Mutti",728.72998046875,971.6400146484376,25.0,3,27,82,242.9100341796875,0.2500000314083175,182.1824951171875,1,55
398340,Instant Noodles,Instant & Frozen Food,"Nadig, Zachariah and Soni",651.9299926757812,1086.550048828125,40.0,180,11,56,434.62005615234375,0.40000003370401,260.7719970703125,1,45
425341,Pet Treats,Pet Care,"Mani, Dhar and Muni",486.2799987792969,748.1199951171875,35.0,365,21,68,261.8399963378906,0.3499973240213628,170.1979995727539,1,47
432617,Baby Wipes,Baby Care,Dora-Pillai,863.1799926757812,1233.1099853515625,30.0,365,17,97,369.9299926757813,0.2999975647511388,258.95399780273436,1,80
433521,Diapers,Baby Care,Mahal Group,321.3299865722656,459.0400085449219,30.0,365,27,58,137.71002197265625,0.2999956853634031,96.39899597167968,1,31
435929,Toilet Cleaner,Household Care,Memon Ltd,856.8900146484375,1142.52001953125,25.0,365,13,71,285.6300048828125,0.25,214.22250366210938,1,58
440875,Baby Wipes,Baby Care,Loyal Inc,275.0299987792969,392.8999938964844,30.0,365,15,80,117.8699951171875,0.2999999922327364,82.50899963378906,1,65
444361,Pain Reliever,Pharmacy,"Prakash, Bawa and Kale",822.6300048828125,1028.2900390625,20.0,365,20,71,205.6600341796875,0.2000019706183183,164.5260009765625,1,51
448752,Toilet Cleaner,Household Care,Batta-Doctor,160.07000732421875,213.42999267578125,25.0,365,23,96,53.3599853515625,0.2500116533884765,40.01750183105469,1,73
449106,Soap,Personal Care,"Shere, Thakur and Naik",48.54999923706055,74.69000244140625,35.0,365,30,95,26.140003204345703,0.3499799484523024,16.99249973297119,1,65
451812,Pain Reliever,Pharmacy,"Batra, Sant and Mandal",530.8499755859375,663.5599975585938,20.0,365,29,63,132.71002197265625,0.1999970198036804,106.16999511718751,1,34
451933,Wheat Flour,Grocery & Staples,Nadig Ltd,568.9400024414062,669.3400268554688,15.0,365,28,98,100.4000244140625,0.1499985364475177,85.34100036621093,1,70
455083,Butter,Dairy & Breakfast,Dutta Inc,959.010009765625,1198.760009765625,20.0,7,29,63,239.75,0.1999983299800554,191.802001953125,1,34
455755,Detergent,Household Care,Mangal-Sathe,44.09000015258789,58.790000915527344,25.0,365,23,53,14.700000762939451,0.2500425333223112,11.022500038146973,1,30
461804,Sugar,Grocery & Staples,"Ghose, Ben and Divan",310.69000244140625,365.5199890136719,15.0,365,15,97,54.829986572265625,0.1500054394295103,46.60350036621094,1,82
462526,Curd,Dairy & Breakfast,Pau and Sons,449.9700012207031,562.4600219726562,20.0,7,25,69,112.49002075195312,0.1999964732736538,89.99400024414064,1,44
470449,Frozen Biryani,Instant & Frozen Food,Kohli-Sawhney,827.77001953125,1379.6199951171875,40.0,180,27,57,551.8499755859375,0.4000014333940284,331.10800781250003,1,30
473647,Toothpaste,Personal Care,Ben-Ravi,43.04999923706055,66.2300033569336,35.0,365,18,82,23.180004119873047,0.3499924950169331,15.067499732971191,1,64
473929,Carrots,Fruits & Vegetables,"Bhardwaj, Bhatia and Deshmukh",440.1900024414063,586.9199829101562,25.0,3,19,70,146.72998046875,0.2499999740019261,110.04750061035158,1,51
478531,Carrots,Fruits & Vegetables,Uppal Group,825.4600219726562,1100.6099853515625,25.0,3,24,90,275.14996337890625,0.2499976985862221,206.36500549316406,1,66
481843,Chocolates,Snacks & Munchies,"Taneja, Kala and Kota",297.67999267578125,457.9700012207031,35.0,90,10,88,160.29000854492188,0.3500011094999114,104.18799743652343,1,78
487065,Chips,Snacks & Munchies,Kadakia-Yadav,374.6799926757813,576.4299926757812,35.0,90,27,87,201.75,0.3499991370391379,131.13799743652345,1,60
487931,Sugar,Grocery & Staples,"Bahl, Jaggi and Nath",709.0800170898438,834.2100219726562,15.0,365,27,68,125.1300048828125,0.149998203793953,106.36200256347657,1,41
490602,Sugar,Grocery & Staples,Raghavan Inc,549.469970703125,646.4400024414062,15.0,365,20,71,96.97003173828124,0.1500062362664053,82.42049560546874,1,51
490939,Lotion,Personal Care,"Roy, Barad and De",80.25,123.45999908447266,35.0,365,12,67,43.209999084472656,0.3499918953904082,28.0875,1,55
491314,Ice Cream,Instant & Frozen Food,Banerjee Inc,973.4400024414062,1622.4000244140625,40.0,180,11,71,648.9600219726562,0.4000000075240576,389.3760009765625,1,60
491521,Nuts,Snacks & Munchies,Karpe Inc,556.3499755859375,855.9199829101562,35.0,90,28,98,299.57000732421875,0.3499976788784283,194.7224914550781,1,70
492958,Lotion,Personal Care,Acharya PLC,84.19999694824219,129.5399932861328,35.0,365,26,88,45.33999633789063,0.3500077094935611,29.469998931884763,1,62
500633,Cereal,Dairy & Breakfast,Trivedi-Ahluwalia,154.5,193.1199951171875,20.0,7,24,87,38.6199951171875,0.1999792672620586,30.900000000000002,1,63
500739,Bread,Dairy & Breakfast,Aggarwal Group,359.9800109863281,449.9800109863281,20.0,7,18,81,90.0,0.2000088844007217,71.99600219726562,1,63
513199,Cola,Cold Drinks & Juices,Rastogi Inc,422.2300109863281,603.1900024414062,30.0,180,26,52,180.95999145507807,0.3000049581767671,126.66900329589843,1,26
516376,Onions,Fruits & Vegetables,Agarwal-Dhar,877.4299926757812,1169.9100341796875,25.0,3,21,71,292.48004150390625,0.2500021650886909,219.3574981689453,1,50
525531,Dog Food,Pet Care,Sandal PLC,831.0999755859375,1278.6199951171875,35.0,365,28,65,447.52001953125,0.3500023628914344,290.8849914550781,1,37
532965,Frozen Pizza,Instant & Frozen Food,Sachdev Inc,307.2300109863281,512.0499877929688,40.0,180,20,94,204.81997680664065,0.3999999642407044,122.89200439453126,1,74
537274,Pet Treats,Pet Care,Lal-Chauhan,702.7100219726562,1081.0899658203125,35.0,365,17,67,378.37994384765625,0.3499985716364947,245.94850769042966,1,50
540618,Popcorn,Snacks & Munchies,Golla-Luthra,317.04998779296875,487.7699890136719,35.0,90,28,87,170.72000122070312,0.3500010354591905,110.96749572753906,1,59
542300,Popcorn,Snacks & Munchies,Gulati-Tandon,255.3500061035156,392.8500061035156,35.0,90,11,66,137.5,0.350006358314193,89.37250213623045,1,55
552496,Dish Soap,Household Care,Dhar PLC,508.0,677.3300170898438,25.0,365,17,59,169.33001708984375,0.2499963279604411,127.0,1,42
552883,Potatoes,Fruits & Vegetables,"Balan, Patel and Mall",888.1599731445312,1184.2099609375,25.0,3,18,94,296.04998779296875,0.249997886826248,222.0399932861328,1,76
555121,Carrots,Fruits & Vegetables,"Subramanian, Chaudhuri and Dora",354.9100036621094,473.2099914550781,25.0,3,30,67,118.29998779296876,0.2499946956513047,88.72750091552734,1,37
557908,Vitamins,Pharmacy,Sundaram Inc,942.3699951171876,1177.9599609375,20.0,365,14,53,235.5899658203125,0.1999982797656501,188.47399902343753,1,39
561860,Orange Juice,Cold Drinks & Juices,Gupta Ltd,874.780029296875,1249.68994140625,30.0,180,21,90,374.909912109375,0.3000023443315041,262.4340087890625,1,69
563740,Chips,Snacks & Munchies,Mann-Kapadia,96.33000183105467,148.1999969482422,35.0,90,20,61,51.8699951171875,0.349999974259802,33.71550064086913,1,41
564692,Cat Food,Pet Care,"Krishna, Bail and Dyal",215.6499938964844,331.7699890136719,35.0,365,25,82,116.1199951171875,0.3500015039407386,75.47749786376954,1,57
566052,Pain Reliever,Pharmacy,"Apte, Soman and Raju",87.30000305175781,109.12000274658205,20.0,365,14,53,21.81999969482422,0.1999633352786704,17.460000610351564,1,39
567671,Biscuits,Snacks & Munchies,Nagar LLC,418.4800109863281,643.8200073242188,35.0,90,12,90,225.33999633789065,0.3500046500176758,146.46800384521484,1,78
578097,Nuts,Snacks & Munchies,Jha Group,267.6099853515625,411.7099914550781,35.0,90,22,75,144.10000610351562,0.3500036654302048,93.66349487304687,1,53
585299,Pet Treats,Pet Care,"Sharma, Chandra and Prashad",799.4600219726562,1229.93994140625,35.0,365,13,50,430.47991943359375,0.3500007642173204,279.8110076904297,1,37
587420,Cookies,Snacks & Munchies,Raj and Sons,357.4200134277344,549.8800048828125,35.0,90,22,50,192.45999145507807,0.3500036185096313,125.09700469970703,1,28
587645,Vitamins,Pharmacy,"Sura, Pillay and Mammen",801.8099975585938,1002.260009765625,20.0,365,18,90,200.45001220703125,0.1999980147406118,160.36199951171875,1,72
589812,Detergent,Household Care,Bir PLC,163.02999877929688,217.3699951171875,25.0,365,22,52,54.33999633789063,0.2499884876410615,40.75749969482422,1,30
592784,Biscuits,Snacks & Munchies,"Andra, Mander and Kari",280.3500061035156,431.30999755859375,35.0,90,27,64,150.95999145507812,0.3500034599466248,98.12250213623047,1,37
600767,Toothpaste,Personal Care,Balan Group,722.4199829101562,1111.4200439453125,35.0,365,22,68,389.00006103515625,0.3500027403269479,252.84699401855468,1,46
602241,Nuts,Snacks & Munchies,Bahl-Pau,976.5499877929688,1502.3800048828125,35.0,90,12,75,525.8300170898438,0.3499980134059752,341.79249572753906,1,63
604184,Toilet Cleaner,Household Care,"Gaba, Sodhi and Choudhary",397.5499877929688,530.0700073242188,25.0,365,24,84,132.52001953125,0.2500047497503359,99.3874969482422,1,60
606256,Frozen Biryani,Instant & Frozen Food,Agate Ltd,369.2799987792969,615.469970703125,40.0,180,16,57,246.18997192382807,0.4000032229721555,147.71199951171874,1,41
611575,Frozen Pizza,Instant & Frozen Food,"Bhat, Nigam and Hayer",482.05999755859375,803.4299926757812,40.0,180,25,87,321.3699951171875,0.3999975082419834,192.82399902343752,1,62
613942,Pet Treats,Pet Care,"Dyal, Saraf and Goel",545.0,838.4600219726562,35.0,365,28,72,293.46002197265625,0.3499988243711714,190.75,1,44
615545,Soap,Personal Care,Barman Inc,448.1600036621094,689.47998046875,35.0,365,20,67,241.31997680664065,0.350002877012581,156.85600128173826,1,47
621677,Frozen Biryani,Instant & Frozen Food,Sabharwal-Mital,317.79998779296875,529.6699829101562,40.0,180,15,71,211.8699951171875,0.4000037796235195,127.1199951171875,1,56
623234,Frozen Biryani,Instant & Frozen Food,Chakrabarti-Batra,329.7900085449219,549.6500244140625,40.0,180,13,72,219.86001586914065,0.400000011104367,131.91600341796877,1,59
642612,Pet Treats,Pet Care,Pillay-Ahuja,517.030029296875,795.4299926757812,35.0,365,16,57,278.39996337890625,0.3499993285925573,180.96051025390625,1,41
644847,Salt,Grocery & Staples,"Jhaveri, Kata and Kapur",622.8099975585938,732.719970703125,15.0,365,24,52,109.90997314453124,0.150002698901547,93.42149963378905,1,28
647462,Lotion,Personal Care,"Balan, Samra and Sekhon",326.4200134277344,502.1799926757813,35.0,365,22,64,175.75997924804688,0.3499939898273118,114.24700469970702,1,42
652118,Frozen Biryani,Instant & Frozen Food,Agate and Sons,22.040000915527344,36.72999954223633,40.0,180,19,55,14.689998626708984,0.3999455161935614,8.816000366210938,1,36
654297,Potatoes,Fruits & Vegetables,Chandran-Dass,13.25,17.670000076293945,25.0,3,20,86,4.420000076293945,0.2501414859767778,3.3125,1,66
654623,Chips,Snacks & Munchies,Pradhan and Sons,422.1400146484375,649.4500122070312,35.0,90,18,76,227.30999755859372,0.3500038390731941,147.7490051269531,1,58
658389,Popcorn,Snacks & Munchies,"Chanda, Som and Vohra",152.5500030517578,234.69000244140625,35.0,90,22,68,82.13999938964844,0.3499936023485102,53.39250106811523,1,46
659290,Cheese,Dairy & Breakfast,Kapadia-D’Alia,319.3399963378906,399.1700134277344,20.0,7,18,66,79.83001708984375,0.1999900152928099,63.86799926757813,1,48
661577,Cat Food,Pet Care,Majumdar PLC,720.9500122070312,1109.1500244140625,35.0,365,28,95,388.2000122070313,0.3499977493235038,252.3325042724609,1,67
667163,Orange Juice,Cold Drinks & Juices,Palla LLC,441.2000122070313,630.2899780273438,30.0,180,25,72,189.0899658203125,0.3000047159437925,132.3600036621094,1,47
669378,Potatoes,Fruits & Vegetables,Chadha and Sons,212.13999938964844,282.8500061035156,25.0,3,23,70,70.71000671386719,0.2499911797349907,53.03499984741211,1,47
672059,Toothpaste,Personal Care,Kaur-Gola,672.72998046875,1034.969970703125,35.0,365,25,81,362.239990234375,0.3500004835775872,235.4554931640625,1,56
673058,Cough Syrup,Pharmacy,Balan-Madan,765.760009765625,957.2000122070312,20.0,365,30,94,191.44000244140625,0.2,153.152001953125,1,64
677169,Cough Syrup,Pharmacy,Char-Divan,261.0299987792969,326.2900085449219,20.0,365,12,77,65.260009765625,0.200006154208183,52.20599975585938,1,65
677542,Toilet Cleaner,Household Care,Thaman-Lanka,212.6100006103516,283.4800109863281,25.0,365,10,52,70.87001037597656,0.2500000269133421,53.1525001525879,1,42
679284,Cough Syrup,Pharmacy,Pant LLC,877.8900146484375,1097.3599853515625,20.0,365,28,95,219.469970703125,0.1999981534161856,175.5780029296875,1,67
679321,Cola,Cold Drinks & Juices,Khurana-Dewan,738.4600219726562,1054.93994140625,30.0,180,20,68,316.4799194335937,0.2999980444495461,221.53800659179686,1,48
679865,Wheat Flour,Grocery & Staples,Memon-Barad,347.9100036621094,409.30999755859375,15.0,365,14,85,61.399993896484375,0.150008536959068,52.186500549316406,1,71
681063,Mango Drink,Cold Drinks & Juices,Dass and Sons,321.2799987792969,458.9700012207031,30.0,180,20,91,137.69000244140625,0.2999978257297818,96.38399963378906,1,71
684939,Lotion,Personal Care,"Sibal, Bhatnagar and Rajan",727.9500122070312,1119.9200439453125,35.0,365,22,50,391.9700317382813,0.3499982287641079,254.78250427246093,1,28
687218,Mango Drink,Cold Drinks & Juices,"Sankaran, Pall and Gola",317.82000732421875,454.0299987792969,30.0,180,22,58,136.20999145507812,0.3000021844840467,95.34600219726562,1,36
689769,Frozen Vegetables,Instant & Frozen Food,Kothari-Datta,46.619998931884766,77.69999694824219,40.0,180,17,51,31.079998016357425,0.399999990180959,18.647999572753907,1,34
690565,Cookies,Snacks & Munchies,"Roy, Seth and Patla",951.27001953125,1463.489990234375,35.0,90,15,56,512.219970703125,0.3499989573697692,332.9445068359375,1,41
692985,Pulses,Grocery & Staples,"Wable, Sankaran and Hari",197.38999938964844,232.22000122070312,15.0,365,30,86,34.83000183105469,0.149987088312656,29.608499908447264,1,56
697683,Toilet Cleaner,Household Care,"Murty, Varghese and Saxena",123.73999786376952,164.99000549316406,25.0,365,14,82,41.25000762939453,0.250015190351052,30.93499946594238,1,68
700048,Dish Soap,Household Care,Khalsa-Bhavsar,141.27999877929688,188.3699951171875,25.0,365,25,98,47.08999633789063,0.2499867152865577,35.31999969482422,1,73
704868,Detergent,Household Care,"Parikh, Oak and Kara",193.4600067138672,257.95001220703125,25.0,365,24,58,64.49000549316406,0.2500097012649266,48.3650016784668,1,34
706112,Vitamins,Pharmacy,"Magar, Gara and Garg",478.7900085449219,598.489990234375,20.0,365,12,77,119.69998168945312,0.2000033144122884,95.75800170898438,1,65
707935,Cat Food,Pet Care,"Anne, Mammen and Khatri",820.9000244140625,1262.9200439453125,35.0,365,30,97,442.02001953125,0.3499984196548159,287.31500854492185,1,67
709916,Detergent,Household Care,Varkey LLC,33.7599983215332,45.0099983215332,25.0,365,30,88,11.25,0.2499444661080535,8.4399995803833,1,58
712003,Cola,Cold Drinks & Juices,"Karan, Bandi and Acharya",671.6799926757812,959.5399780273438,30.0,180,30,54,287.8599853515625,0.299997907271519,201.50399780273438,1,24
712307,Orange Juice,Cold Drinks & Juices,Chana LLC,264.8900146484375,378.4100036621094,30.0,180,16,73,113.51998901367188,0.2999920401550387,79.46700439453124,1,57
714999,Bread,Dairy & Breakfast,Kala Group,882.510009765625,1103.1400146484375,20.0,7,27,81,220.6300048828125,0.2000018147769987,176.50200195312502,1,54
721521,Rice,Grocery & Staples,"Ramanathan, Agarwal and Baria",417.3900146484375,491.0499877929688,15.0,365,20,72,73.65997314453125,0.150005040170344,62.60850219726562,1,52
723678,Dog Food,Pet Care,"Lall, Datta and Swamy",675.4600219726562,1039.1700439453125,35.0,365,14,97,363.71002197265625,0.3500004874965361,236.41100769042967,1,83
726958,Cat Food,Pet Care,Doctor-Patla,887.47998046875,1365.3499755859375,35.0,365,18,79,477.8699951171875,0.3499981716498075,310.61799316406245,1,61
734789,Popcorn,Snacks & Munchies,"Chaudhari, Pant and Singh",395.8200073242188,608.9500122070312,35.0,90,22,66,213.1300048828125,0.3499958955750089,138.53700256347656,1,44
739448,Dish Soap,Household Care,Mand-Choudhry,755.6599731445312,1007.5499877929688,25.0,365,24,79,251.8900146484375,0.2500024988340289,188.9149932861328,1,55
739534,Toilet Cleaner,Household Care,"Gera, Narang and Karpe",994.5599975585938,1326.0799560546875,25.0,365,14,59,331.5199584960937,0.2499999769866228,248.63999938964844,1,45
741341,Eggs,Dairy & Breakfast,Prasad LLC,923.8400268554688,1154.800048828125,20.0,7,13,62,230.96002197265625,0.2000000105706882,184.76800537109375,1,49
747801,Toilet Cleaner,Household Care,Saha-Vora,277.760009765625,370.3500061035156,25.0,365,23,71,92.58999633789062,0.2500067363628205,69.44000244140625,1,48
753354,Shampoo,Personal Care,Sant-Mahajan,423.55999755859375,651.6300048828125,35.0,365,20,52,228.07000732421875,0.3499992413106181,148.2459991455078,1,32
757274,Pet Treats,Pet Care,"Minhas, Kapoor and Sethi",98.31999969482422,151.25999450683594,35.0,365,27,95,52.93999481201172,0.3499933672787432,34.41199989318847,1,68
760684,Rice,Grocery & Staples,Kanda-Gupta,71.5999984741211,84.23999786376953,15.0,365,14,64,12.639999389648438,0.150047479940461,10.739999771118164,1,50
760828,Pet Treats,Pet Care,"Khurana, Khosla and Yohannan",563.4500122070312,866.8499755859375,35.0,365,23,93,303.39996337890625,0.3500028516166554,197.20750427246094,1,70
762527,Biscuits,Snacks & Munchies,"Chad, Yohannan and Chopra",690.0800170898438,1061.6600341796875,35.0,90,23,71,371.58001708984375,0.3499990629080733,241.5280059814453,1,48
764014,Salt,Grocery & Staples,"Grewal, Swamy and Dayal",612.0399780273438,720.0499877929688,15.0,365,30,100,108.010009765625,0.1500034880865527,91.80599670410156,1,70
767398,Dish Soap,Household Care,"Arya, Sundaram and Pingle",22.13999938964844,29.520000457763672,25.0,365,15,57,7.380001068115234,0.25000003230604,5.53499984741211,1,42
771228,Pet Treats,Pet Care,Raja and Sons,83.18000030517578,127.97000122070312,35.0,365,25,73,44.790000915527344,0.3500039109812962,29.113000106811523,1,48
784673,Dog Food,Pet Care,Ramanathan Group,491.3900146484375,755.97998046875,35.0,365,21,84,264.5899658203125,0.3499959954710069,171.98650512695312,1,63
784827,Baby Wipes,Baby Care,Balakrishnan Ltd,274.25,391.7900085449219,30.0,365,26,77,117.54000854492188,0.3000076724300767,82.27499999999999,1,51
798639,Eggs,Dairy & Breakfast,Subramaniam LLC,211.25,264.0599975585937,20.0,7,12,78,52.80999755859375,0.1999924185672063,42.25,1,66
799459,Vitamins,Pharmacy,"Garg, Kari and Kapur",852.02001953125,1065.02001953125,20.0,365,29,66,213.0,0.1999962405342842,170.40400390625,1,37
799688,Lotion,Personal Care,Arora LLC,309.6199951171875,476.3399963378906,35.0,365,22,90,166.72000122070312,0.3500021045943005,108.36699829101562,1,68
799952,Cheese,Dairy & Breakfast,Padmanabhan-Virk,922.6400146484376,1153.300048828125,20.0,7,13,66,230.6600341796875,0.2000000211688732,184.52800292968755,1,53
803607,Soap,Personal Care,"Kadakia, Mohan and Sathe",949.72998046875,1461.1199951171875,35.0,365,21,98,511.3900146484375,0.3499986423821556,332.4054931640625,1,77
807452,Pulses,Grocery & Staples,Naik Ltd,144.19000244140625,169.63999938964844,15.0,365,27,61,25.449996948242188,0.1500235618946551,21.628500366210936,1,34
812607,Potatoes,Fruits & Vegetables,Rege Group,416.6499938964844,555.530029296875,25.0,3,11,63,138.88003540039062,0.2499955503326593,104.1624984741211,1,52
818522,Cheese,Dairy & Breakfast,Hora-Roy,96.08999633789062,120.11000061035156,20.0,7,12,90,24.020004272460938,0.1999833831521169,19.217999267578126,1,78
818990,Tomatoes,Fruits & Vegetables,Dugar Group,163.5500030517578,218.07000732421875,25.0,3,22,92,54.52000427246094,0.2500114754038712,40.88750076293945,1,70
820541,Toilet Cleaner,Household Care,"Borde, Peri and Upadhyay",576.219970703125,768.2899780273438,25.0,365,19,71,192.07000732421875,0.2499967627032913,144.05499267578125,1,52
820973,Baby Wipes,Baby Care,Lall LLC,114.5199966430664,163.60000610351562,30.0,365,29,56,49.08000946044922,0.3000000466344391,34.35599899291992,1,27
832348,Biscuits,Snacks & Munchies,Jani-Ram,831.4299926757812,1279.1199951171875,35.0,90,10,79,447.6900024414063,0.3499984396697597,291.0004974365234,1,69
833557,Cereal,Dairy & Breakfast,"Gole, Chand and Dada",422.8699951171875,528.5900268554688,20.0,7,27,69,105.72003173828124,0.2000038335327655,84.57399902343751,1,42
837480,Cough Syrup,Pharmacy,Edwin and Sons,217.3999938964844,271.75,20.0,365,22,82,54.350006103515625,0.2000000224600391,43.479998779296885,1,60
839170,Curd,Dairy & Breakfast,Shetty and Sons,481.6300048828125,602.0399780273438,20.0,7,11,59,120.40997314453124,0.2000032847304741,96.32600097656251,1,48
847349,Potatoes,Fruits & Vegetables,Chhabra-Agrawal,781.0800170898438,1041.43994140625,25.0,3,26,69,260.35992431640625,0.2499999413934939,195.27000427246094,1,43
848226,Tomatoes,Fruits & Vegetables,Barad and Sons,209.58999633789065,279.45001220703125,25.0,3,10,51,69.86001586914062,0.2499910997226389,52.39749908447266,1,41
851978,Vitamins,Pharmacy,Parsa-Bala,715.719970703125,894.6500244140625,20.0,365,28,92,178.9300537109375,0.200000054577906,143.143994140625,1,64
853932,Baby Wipes,Baby Care,Ranganathan-Peri,941.1900024414062,1344.56005859375,30.0,365,21,94,403.37005615234375,0.3000015161644924,282.35700073242185,1,73
859361,Shampoo,Personal Care,Mitter Group,432.3900146484375,665.219970703125,35.0,365,25,77,232.8299560546875,0.3500044591394191,151.3365051269531,1,52
863930,Shampoo,Personal Care,"Sathe, Agarwal and Dhar",242.57000732421875,373.1799926757813,35.0,365,26,72,130.6099853515625,0.3499919286000856,84.89950256347656,1,46
871592,Carrots,Fruits & Vegetables,"Shankar, Nadkarni and Kumer",870.2899780273438,1160.3900146484375,25.0,3,25,50,290.1000366210937,0.250002182851414,217.57249450683594,1,25
876139,Pulses,Grocery & Staples,Cherian-Dara,415.75,489.1199951171875,15.0,365,14,83,73.3699951171875,0.150004080490737,62.3625,1,69
880510,Bread,Dairy & Breakfast,Roy-Char,951.4299926757812,1189.2900390625,20.0,7,29,54,237.86004638671875,0.2000017141102269,190.28599853515627,1,25
883013,Eggs,Dairy & Breakfast,Chahal Group,989.8800048828124,1237.3499755859375,20.0,7,13,98,247.469970703125,0.1999999802690726,197.9760009765625,1,85
888807,Bread,Dairy & Breakfast,Arya Group,230.5800018310547,288.2300109863281,20.0,7,13,91,57.65000915527344,0.2000139019458595,46.11600036621094,1,78
890232,Mango Drink,Cold Drinks & Juices,Jha Group,432.0,617.1400146484375,30.0,180,20,91,185.1400146484375,0.2999967758595351,129.6,1,71
890623,Onions,Fruits & Vegetables,"Sangha, Nagar and Varty",354.5199890136719,472.6900024414063,25.0,3,27,55,118.17001342773438,0.2499947382373133,88.62999725341797,1,28
891833,Curd,Dairy & Breakfast,Mani PLC,493.1900024414063,616.489990234375,20.0,7,11,69,123.29998779296876,0.2000032275399848,98.63800048828126,1,58
894539,Dish Soap,Household Care,"Pall, Sule and Sood",445.4800109863281,593.969970703125,25.0,365,14,93,148.48995971679688,0.2499957355436986,111.37000274658203,1,79
897083,Detergent,Household Care,Dutta-Halder,972.6900024414062,1296.9200439453125,25.0,365,10,100,324.23004150390625,0.2500000235308092,243.17250061035156,1,90
901144,Sugar,Grocery & Staples,Deo-Kamdar,340.3599853515625,400.4200134277344,15.0,365,12,71,60.06002807617188,0.1499925729536772,51.05399780273437,1,59
903336,Pulses,Grocery & Staples,"Vaidya, Amble and Palla",551.8800048828125,649.27001953125,15.0,365,14,60,97.3900146484375,0.1499992479534934,82.78200073242188,1,46
913428,Pet Treats,Pet Care,Narayanan-Kumar,392.2200012207031,603.4199829101562,35.0,365,30,98,211.19998168945312,0.3500049512296295,137.2770004272461,1,68
914071,Chips,Snacks & Munchies,Datta Ltd,296.94000244140625,456.8299865722656,35.0,90,25,90,159.88998413085938,0.3499988810510505,103.92900085449219,1,65
925482,Frozen Biryani,Instant & Frozen Food,Viswanathan-Sha,475.0400085449219,791.72998046875,40.0,180,23,66,316.6899719238281,0.3999974482920671,190.01600341796876,1,43
927651,Baby Wipes,Baby Care,Narula Group,426.7200012207031,609.5999755859375,30.0,365,15,60,182.8799743652344,0.2999999699630125,128.01600036621093,1,45
930284,Baby Food,Baby Care,"Garg, Saraf and Dutta",189.47000122070312,270.6700134277344,30.0,365,20,58,81.20001220703125,0.2999963356809404,56.841000366210935,1,38
937542,Wheat Flour,Grocery & Staples,Khurana and Sons,97.04000091552734,114.16000366210938,15.0,365,28,93,17.12000274658203,0.1499649807059729,14.5560001373291,1,65
942001,Cat Food,Pet Care,Acharya Ltd,671.5499877929688,1033.1500244140625,35.0,365,20,84,361.60003662109375,0.3499976073912116,235.04249572753903,1,64
945635,Pulses,Grocery & Staples,Balasubramanian PLC,778.9000244140625,916.3499755859376,15.0,365,16,59,137.449951171875,0.1499972224956802,116.83500366210937,1,43
949818,Biscuits,Snacks & Munchies,Yohannan Inc,483.0499877929688,743.1500244140625,35.0,90,21,76,260.1000366210937,0.3499966737216619,169.06749572753907,1,55
951463,Pet Treats,Pet Care,Balakrishnan-Kaur,787.4000244140625,1211.3800048828125,35.0,365,16,82,423.97998046875,0.3499975059517061,275.59000854492183,1,66
952124,Onions,Fruits & Vegetables,"Wali, Sood and Bala",127.08000183105467,169.44000244140625,25.0,3,15,50,42.36000061035156,0.25,31.77000045776367,1,35
952168,Popcorn,Snacks & Munchies,"Krishnamurthy, Sibal and Das",236.9499969482422,364.5400085449219,35.0,90,28,79,127.59001159667967,0.3500027667908416,82.93249893188477,1,51
953175,Baby Food,Baby Care,Sehgal-Nagarajan,225.2100067138672,321.7300109863281,30.0,365,11,73,96.52000427246094,0.3000031112315554,67.56300201416015,1,62
954722,Ice Cream,Instant & Frozen Food,Mohan-Virk,616.4500122070312,1027.4200439453125,40.0,180,11,58,410.9700317382813,0.4000019604057446,246.58000488281252,1,47
961614,Chocolates,Snacks & Munchies,Goda Inc,227.22000122070312,349.57000732421875,35.0,90,26,99,122.35000610351562,0.3500014404554982,79.5270004272461,1,73
962054,Orange Juice,Cold Drinks & Juices,Toor-Nagar,16.860000610351562,24.09000015258789,30.0,180,11,74,7.229999542236328,0.3001245120980059,5.058000183105468,1,63
962591,Orange Juice,Cold Drinks & Juices,Murthy-Kaul,130.00999450683594,185.72999572753903,30.0,180,24,74,55.720001220703125,0.3000053976334704,39.00299835205078,1,50
965755,Bananas,Fruits & Vegetables,"Doshi, Sarraf and Sama",532.5700073242188,710.0900268554688,25.0,3,21,91,177.52001953125,0.2499964973700191,133.1425018310547,1,70
968887,Dish Soap,Household Care,Keer-Gill,40.70000076293945,54.27000045776367,25.0,365,18,92,13.56999969482422,0.2500460582340559,10.175000190734863,1,74
969851,Frozen Vegetables,Instant & Frozen Food,"Kara, Sodhi and Bassi",340.6600036621094,567.77001953125,40.0,180,27,64,227.11001586914065,0.4000035367429972,136.26400146484374,1,37
970529,Diapers,Baby Care,"Kurian, Patla and Sanghvi",827.4400024414062,1182.06005859375,30.0,365,19,84,354.6200561523437,0.3000017245944518,248.23200073242185,1,65
990993,Chocolates,Snacks & Munchies,Guha-Subramaniam,263.70001220703125,405.6900024414063,35.0,90,22,61,141.989990234375,0.3499962764176881,92.29500427246093,1,39
991434,Cookies,Snacks & Munchies,Mital-Oza,237.6199951171875,365.5700073242188,35.0,90,12,87,127.95001220703124,0.3500013941065855,83.16699829101562,1,75
992178,Pain Reliever,Pharmacy,Basu and Sons,632.4299926757812,790.5399780273438,20.0,365,16,89,158.1099853515625,0.2000025169455676,126.48599853515626,1,73
993331,Pulses,Grocery & Staples,"Parmer, Gola and Yogi",102.44000244140624,120.5199966430664,15.0,365,28,86,18.07999420166016,0.1500165508235625,15.366000366210935,1,58
